Timestamp,Student ID,Course,Instructor,How would you rate the overall teaching?,What did you like about the lectures?,What can be improved in this course?,Any additional comments?
2025-10-21 09:15:22,ST001,AI & ML,Prof. A.Sharma,5,"The explanations were very clear and examples were helpful.","More real-world case studies could be added.","Overall, great experience!"
2025-10-21 09:17:43,ST002,AI & ML,Prof. A.Sharma,4,"Interactive sessions and quick responses to queries.","Sometimes the pace was a bit fast.","Would love more coding exercises."
2025-10-21 09:22:10,ST003,AI & ML,Prof. A.Sharma,3,"Good coverage of syllabus.","Too many slides, not enough hands-on practice.","More labs would help."
2025-10-21 09:25:34,ST004,AI & ML,Prof. A.Sharma,5,"The practical demonstrations were excellent.","None.","Keep it up!"
2025-10-21 09:29:02,ST005,AI & ML,Prof. A.Sharma,2,"Concepts were explained but difficult to follow due to speed.","Teaching speed should be slower.","Add revision sessions before exams."
2025-10-21 09:35:19,ST006,AI & ML,Prof. A.Sharma,4,"Examples from industry made it interesting.","Assignments were lengthy.","Overall satisfied."
2025-10-21 09:38:55,ST007,AI & ML,Prof. S.D.Joshi,5,"Excellent command over the subject and very friendly attitude.","More live coding demonstrations could help.","Very inspiring teacher!"
2025-10-21 09:42:30,ST008,AI & ML,Prof. S.D.Joshi,4,"Explained mathematical intuition very clearly.","Could reduce theory load a bit.","Great overall experience."
2025-10-21 09:45:47,ST009,AI & ML,Prof. S.D.Joshi,3,"Encouraged participation during class.","Some slides had too much text.","Good but can be improved."
2025-10-21 09:49:55,ST010,AI & ML,Prof. S.D.Joshi,5,"Made complex ML algorithms easy to understand.","Nothing significant to improve.","One of the best courses!"
2025-10-21 09:53:30,ST011,AI & ML,Prof. S.D.Joshi,4,"Balanced theory with practice quite well.","Could add more Kaggle-style assignments.","Loved the pace and examples."
2025-10-21 09:56:22,ST012,AI & ML,Prof. S.D.Joshi,5,"Very patient and approachable during doubt sessions.","None.","Fantastic teaching!"
2025-10-21 10:00:10,ST013,AI & ML,Prof. A.Sharma,3,"Good use of visual aids.","More interactive quizzes would help.","Average satisfaction."
2025-10-21 10:03:12,ST014,AI & ML,Prof. S.D.Joshi,5,"Encouraged students to think analytically.","Maybe add guest lectures.","Highly motivating!"
2025-10-21 10:06:40,ST015,AI & ML,Prof. A.Sharma,4,"Clear communication and structured notes.","Could provide recorded sessions.","Helpful and dedicated faculty."
